Total Nacional;Comunidades y Ciudades Autónomas;Clase de residuos;periodo;Total
Total Nacional;;Residuos mezclados;2021;360,7
Total Nacional;;Residuos mezclados;2020;352,2
Total Nacional;;Residuos mezclados;2019;379
Total Nacional;;Residuos mezclados;2018;391,3
Total Nacional;;Residuos mezclados;2017;392,7
Total Nacional;;Residuos mezclados;2016;382,2
Total Nacional;;Residuos mezclados;2015;382,5
Total Nacional;;Residuos mezclados;2014;377,4
Total Nacional;;Residuos mezclados;2013;383,2
Total Nacional;;Residuos mezclados;2012;391,6
Total Nacional;;Residuos mezclados;2011;401,7
Total Nacional;;Residuos mezclados;2010;416,5
Total Nacional;;Residuos de papel y cartón;2021;31,5
Total Nacional;;Residuos de papel y cartón;2020;28,3
Total Nacional;;Residuos de papel y cartón;2019;27,3
Total Nacional;;Residuos de papel y cartón;2018;22,8
Total Nacional;;Residuos de papel y cartón;2017;22,8
Total Nacional;;Residuos de papel y cartón;2016;21,7
Total Nacional;;Residuos de papel y cartón;2015;21,7
Total Nacional;;Residuos de papel y cartón;2014;21
Total Nacional;;Residuos de papel y cartón;2013;21,2
Total Nacional;;Residuos de papel y cartón;2012;23,2
Total Nacional;;Residuos de papel y cartón;2011;27,1
Total Nacional;;Residuos de papel y cartón;2010;31,5
Total Nacional;;Residuos de vidrio;2021;18,5
Total Nacional;;Residuos de vidrio;2020;17,5
Total Nacional;;Residuos de vidrio;2019;19,2
Total Nacional;;Residuos de vidrio;2018;17,9
Total Nacional;;Residuos de vidrio;2017;17,5
Total Nacional;;Residuos de vidrio;2016;16,3
Total Nacional;;Residuos de vidrio;2015;16,3
Total Nacional;;Residuos de vidrio;2014;15,8
Total Nacional;;Residuos de vidrio;2013;15,5
Total Nacional;;Residuos de vidrio;2012;15,7
Total Nacional;;Residuos de vidrio;2011;15,7
Total Nacional;;Residuos de vidrio;2010;17,3
Total Nacional;;Envases mixtos y embalajes mezclados;2021;18,8
Total Nacional;;Envases mixtos y embalajes mezclados;2020;18,7
Total Nacional;;Envases mixtos y embalajes mezclados;2019;17,6
Total Nacional;;Envases mixtos y embalajes mezclados;2018;15,9
Total Nacional;;Envases mixtos y embalajes mezclados;2017;14,2
Total Nacional;;Envases mixtos y embalajes mezclados;2016;12,8
Total Nacional;;Envases mixtos y embalajes mezclados;2015;12,8
Total Nacional;;Envases mixtos y embalajes mezclados;2014;12,2
Total Nacional;;Envases mixtos y embalajes mezclados;2013;12
Total Nacional;;Envases mixtos y embalajes mezclados;2012;13,7
Total Nacional;;Envases mixtos y embalajes mezclados;2011;14
Total Nacional;;Envases mixtos y embalajes mezclados;2010;13,8
Total Nacional;;Total;2021;478,7
Total Nacional;;Total;2020;458,9
Total Nacional;;Total;2019;483,2
Total Nacional;;Total;2018;485,5
Total Nacional;;Total;2017;483,9
Total Nacional;;Total;2016;471
Total Nacional;;Total;2015;466,4
Total Nacional;;Total;2014;459,1
Total Nacional;;Total;2013;467,6
Total Nacional;;Total;2012;478,9
Total Nacional;;Total;2011;498,2
Total Nacional;;Total;2010;523,6
Total Nacional;01 Andalucía;Residuos mezclados;2021;470,2
Total Nacional;01 Andalucía;Residuos mezclados;2020;453,5
Total Nacional;01 Andalucía;Residuos mezclados;2019;444,7
Total Nacional;01 Andalucía;Residuos mezclados;2018;465
Total Nacional;01 Andalucía;Residuos mezclados;2017;461,1
Total Nacional;01 Andalucía;Residuos mezclados;2016;465
Total Nacional;01 Andalucía;Residuos mezclados;2015;444,7
Total Nacional;01 Andalucía;Residuos mezclados;2014;439,7
Total Nacional;01 Andalucía;Residuos mezclados;2013;477,8
Total Nacional;01 Andalucía;Residuos mezclados;2012;505,1
Total Nacional;01 Andalucía;Residuos mezclados;2011;472,7
Total Nacional;01 Andalucía;Residuos mezclados;2010;526,2
Total Nacional;01 Andalucía;Residuos de papel y cartón;2021;14,6
Total Nacional;01 Andalucía;Residuos de papel y cartón;2020;14,7
Total Nacional;01 Andalucía;Residuos de papel y cartón;2019;14,3
Total Nacional;01 Andalucía;Residuos de papel y cartón;2018;13,9
Total Nacional;01 Andalucía;Residuos de papel y cartón;2017;12,2
Total Nacional;01 Andalucía;Residuos de papel y cartón;2016;12,1
Total Nacional;01 Andalucía;Residuos de papel y cartón;2015;12
Total Nacional;01 Andalucía;Residuos de papel y cartón;2014;11,4
Total Nacional;01 Andalucía;Residuos de papel y cartón;2013;12
Total Nacional;01 Andalucía;Residuos de papel y cartón;2012;13,3
Total Nacional;01 Andalucía;Residuos de papel y cartón;2011;14,2
Total Nacional;01 Andalucía;Residuos de papel y cartón;2010;16,4
Total Nacional;01 Andalucía;Residuos de vidrio;2021;12,9
Total Nacional;01 Andalucía;Residuos de vidrio;2020;12,2
Total Nacional;01 Andalucía;Residuos de vidrio;2019;12,9
Total Nacional;01 Andalucía;Residuos de vidrio;2018;12,9
Total Nacional;01 Andalucía;Residuos de vidrio;2017;10,9
Total Nacional;01 Andalucía;Residuos de vidrio;2016;11,9
Total Nacional;01 Andalucía;Residuos de vidrio;2015;2,1
Total Nacional;01 Andalucía;Residuos de vidrio;2014;9,8
Total Nacional;01 Andalucía;Residuos de vidrio;2013;9,4
Total Nacional;01 Andalucía;Residuos de vidrio;2012;9,1
Total Nacional;01 Andalucía;Residuos de vidrio;2011;9
Total Nacional;01 Andalucía;Residuos de vidrio;2010;9,9
Total Nacional;01 Andalucía;Envases mixtos y embalajes mezclados;2021;13,4
Total Nacional;01 Andalucía;Envases mixtos y embalajes mezclados;2020;13,3
Total Nacional;01 Andalucía;Envases mixtos y embalajes mezclados;2019;12,2
Total Nacional;01 Andalucía;Envases mixtos y embalajes mezclados;2018;11,2
Total Nacional;01 Andalucía;Envases mixtos y embalajes mezclados;2017;10,2
Total Nacional;01 Andalucía;Envases mixtos y embalajes mezclados;2016;9,7
Total Nacional;01 Andalucía;Envases mixtos y embalajes mezclados;2015;1,2
Total Nacional;01 Andalucía;Envases mixtos y embalajes mezclados;2014;9,1
Total Nacional;01 Andalucía;Envases mixtos y embalajes mezclados;2013;9,2
Total Nacional;01 Andalucía;Envases mixtos y embalajes mezclados;2012;15,7
Total Nacional;01 Andalucía;Envases mixtos y embalajes mezclados;2011;16,3
Total Nacional;01 Andalucía;Envases mixtos y embalajes mezclados;2010;16
Total Nacional;01 Andalucía;Total;2021;544
Total Nacional;01 Andalucía;Total;2020;523,9
Total Nacional;01 Andalucía;Total;2019;510,2
Total Nacional;01 Andalucía;Total;2018;526,6
Total Nacional;01 Andalucía;Total;2017;521,9
Total Nacional;01 Andalucía;Total;2016;523
Total Nacional;01 Andalucía;Total;2015;504,6
Total Nacional;01 Andalucía;Total;2014;497,1
Total Nacional;01 Andalucía;Total;2013;544
Total Nacional;01 Andalucía;Total;2012;573,7
Total Nacional;01 Andalucía;Total;2011;547,4
Total Nacional;01 Andalucía;Total;2010;599,2
Total Nacional;02 Aragón;Residuos mezclados;2021;347,3
Total Nacional;02 Aragón;Residuos mezclados;2020;343,9
Total Nacional;02 Aragón;Residuos mezclados;2019;370,9
Total Nacional;02 Aragón;Residuos mezclados;2018;379,8
Total Nacional;02 Aragón;Residuos mezclados;2017;359,8
Total Nacional;02 Aragón;Residuos mezclados;2016;348,3
Total Nacional;02 Aragón;Residuos mezclados;2015;346,3
Total Nacional;02 Aragón;Residuos mezclados;2014;340,4
Total Nacional;02 Aragón;Residuos mezclados;2013;338,5
Total Nacional;02 Aragón;Residuos mezclados;2012;346,2
Total Nacional;02 Aragón;Residuos mezclados;2011;366,1
Total Nacional;02 Aragón;Residuos mezclados;2010;367,2
Total Nacional;02 Aragón;Residuos de papel y cartón;2021;22
Total Nacional;02 Aragón;Residuos de papel y cartón;2020;36,3
Total Nacional;02 Aragón;Residuos de papel y cartón;2019;21,5
Total Nacional;02 Aragón;Residuos de papel y cartón;2018;22
Total Nacional;02 Aragón;Residuos de papel y cartón;2017;20,3
Total Nacional;02 Aragón;Residuos de papel y cartón;2016;19
Total Nacional;02 Aragón;Residuos de papel y cartón;2015;17
Total Nacional;02 Aragón;Residuos de papel y cartón;2014;16,9
Total Nacional;02 Aragón;Residuos de papel y cartón;2013;44
Total Nacional;02 Aragón;Residuos de papel y cartón;2012;19
Total Nacional;02 Aragón;Residuos de papel y cartón;2011;23,8
Total Nacional;02 Aragón;Residuos de papel y cartón;2010;23,8
Total Nacional;02 Aragón;Residuos de vidrio;2021;15,4
Total Nacional;02 Aragón;Residuos de vidrio;2020;15,6
Total Nacional;02 Aragón;Residuos de vidrio;2019;15,5
Total Nacional;02 Aragón;Residuos de vidrio;2018;14,4
Total Nacional;02 Aragón;Residuos de vidrio;2017;13,8
Total Nacional;02 Aragón;Residuos de vidrio;2016;13,5
Total Nacional;02 Aragón;Residuos de vidrio;2015;13,4
Total Nacional;02 Aragón;Residuos de vidrio;2014;12,5
Total Nacional;02 Aragón;Residuos de vidrio;2013;14,6
Total Nacional;02 Aragón;Residuos de vidrio;2012;17,8
Total Nacional;02 Aragón;Residuos de vidrio;2011;17,3
Total Nacional;02 Aragón;Residuos de vidrio;2010;17,3
Total Nacional;02 Aragón;Envases mixtos y embalajes mezclados;2021;18,1
Total Nacional;02 Aragón;Envases mixtos y embalajes mezclados;2020;16
Total Nacional;02 Aragón;Envases mixtos y embalajes mezclados;2019;16,5
Total Nacional;02 Aragón;Envases mixtos y embalajes mezclados;2018;14,5
Total Nacional;02 Aragón;Envases mixtos y embalajes mezclados;2017;12,3
Total Nacional;02 Aragón;Envases mixtos y embalajes mezclados;2016;12
Total Nacional;02 Aragón;Envases mixtos y embalajes mezclados;2015;12,4
Total Nacional;02 Aragón;Envases mixtos y embalajes mezclados;2014;11
Total Nacional;02 Aragón;Envases mixtos y embalajes mezclados;2013;10,3
Total Nacional;02 Aragón;Envases mixtos y embalajes mezclados;2012;10,5
Total Nacional;02 Aragón;Envases mixtos y embalajes mezclados;2011;10,3
Total Nacional;02 Aragón;Envases mixtos y embalajes mezclados;2010;9,2
Total Nacional;02 Aragón;Total;2021;450,8
Total Nacional;02 Aragón;Total;2020;450,4
Total Nacional;02 Aragón;Total;2019;491,9
Total Nacional;02 Aragón;Total;2018;494,4
Total Nacional;02 Aragón;Total;2017;440,6
Total Nacional;02 Aragón;Total;2016;401,8
Total Nacional;02 Aragón;Total;2015;427,9
Total Nacional;02 Aragón;Total;2014;410,4
Total Nacional;02 Aragón;Total;2013;410,9
Total Nacional;02 Aragón;Total;2012;430,9
Total Nacional;02 Aragón;Total;2011;453,2
Total Nacional;02 Aragón;Total;2010;448,1
Total Nacional;03 Asturias Principado de;Residuos mezclados;2021;384,2
Total Nacional;03 Asturias Principado de;Residuos mezclados;2020;355,3
Total Nacional;03 Asturias Principado de;Residuos mezclados;2019;379,1
Total Nacional;03 Asturias Principado de;Residuos mezclados;2018;394,4
Total Nacional;03 Asturias Principado de;Residuos mezclados;2017;381,4
Total Nacional;03 Asturias Principado de;Residuos mezclados;2016;383,7
Total Nacional;03 Asturias Principado de;Residuos mezclados;2015;387,1
Total Nacional;03 Asturias Principado de;Residuos mezclados;2014;374,1
Total Nacional;03 Asturias Principado de;Residuos mezclados;2013;366,5
Total Nacional;03 Asturias Principado de;Residuos mezclados;2012;376,8
Total Nacional;03 Asturias Principado de;Residuos mezclados;2011;404,4
Total Nacional;03 Asturias Principado de;Residuos mezclados;2010;418,9
Total Nacional;03 Asturias Principado de;Residuos de papel y cartón;2021;43,6
Total Nacional;03 Asturias Principado de;Residuos de papel y cartón;2020;39,9
Total Nacional;03 Asturias Principado de;Residuos de papel y cartón;2019;41,6
Total Nacional;03 Asturias Principado de;Residuos de papel y cartón;2018;40,8
Total Nacional;03 Asturias Principado de;Residuos de papel y cartón;2017;52,4
Total Nacional;03 Asturias Principado de;Residuos de papel y cartón;2016;60,1
Total Nacional;03 Asturias Principado de;Residuos de papel y cartón;2015;53,9
Total Nacional;03 Asturias Principado de;Residuos de papel y cartón;2014;47,2
Total Nacional;03 Asturias Principado de;Residuos de papel y cartón;2013;55,2
Total Nacional;03 Asturias Principado de;Residuos de papel y cartón;2012;52
Total Nacional;03 Asturias Principado de;Residuos de papel y cartón;2011;62,6
Total Nacional;03 Asturias Principado de;Residuos de papel y cartón;2010;86,6
Total Nacional;03 Asturias Principado de;Residuos de vidrio;2021;17,6
Total Nacional;03 Asturias Principado de;Residuos de vidrio;2020;17
Total Nacional;03 Asturias Principado de;Residuos de vidrio;2019;17,1
Total Nacional;03 Asturias Principado de;Residuos de vidrio;2018;16
Total Nacional;03 Asturias Principado de;Residuos de vidrio;2017;31,2
Total Nacional;03 Asturias Principado de;Residuos de vidrio;2016;36,6
Total Nacional;03 Asturias Principado de;Residuos de vidrio;2015;31,8
Total Nacional;03 Asturias Principado de;Residuos de vidrio;2014;31
Total Nacional;03 Asturias Principado de;Residuos de vidrio;2013;30,9
Total Nacional;03 Asturias Principado de;Residuos de vidrio;2012;31,3
Total Nacional;03 Asturias Principado de;Residuos de vidrio;2011;31,4
Total Nacional;03 Asturias Principado de;Residuos de vidrio;2010;29,4
Total Nacional;03 Asturias Principado de;Envases mixtos y embalajes mezclados;2021;16,5
Total Nacional;03 Asturias Principado de;Envases mixtos y embalajes mezclados;2020;15,9
Total Nacional;03 Asturias Principado de;Envases mixtos y embalajes mezclados;2019;14,1
Total Nacional;03 Asturias Principado de;Envases mixtos y embalajes mezclados;2018;12,4
Total Nacional;03 Asturias Principado de;Envases mixtos y embalajes mezclados;2017;11,1
Total Nacional;03 Asturias Principado de;Envases mixtos y embalajes mezclados;2016;10,5
Total Nacional;03 Asturias Principado de;Envases mixtos y embalajes mezclados;2015;10
Total Nacional;03 Asturias Principado de;Envases mixtos y embalajes mezclados;2014;9,5
Total Nacional;03 Asturias Principado de;Envases mixtos y embalajes mezclados;2013;9,4
Total Nacional;03 Asturias Principado de;Envases mixtos y embalajes mezclados;2012;9,4
Total Nacional;03 Asturias Principado de;Envases mixtos y embalajes mezclados;2011;9,6
Total Nacional;03 Asturias Principado de;Envases mixtos y embalajes mezclados;2010;9,6
Total Nacional;03 Asturias Principado de;Total;2021;511,5
Total Nacional;03 Asturias Principado de;Total;2020;471,1
Total Nacional;03 Asturias Principado de;Total;2019;497,6
Total Nacional;03 Asturias Principado de;Total;2018;489,1
Total Nacional;03 Asturias Principado de;Total;2017;516,1
Total Nacional;03 Asturias Principado de;Total;2016;518,7
Total Nacional;03 Asturias Principado de;Total;2015;519,4
Total Nacional;03 Asturias Principado de;Total;2014;498
Total Nacional;03 Asturias Principado de;Total;2013;489,4
Total Nacional;03 Asturias Principado de;Total;2012;499,9
Total Nacional;03 Asturias Principado de;Total;2011;537,1
Total Nacional;03 Asturias Principado de;Total;2010;574
Total Nacional;04 Balears Illes;Residuos mezclados;2021;433
Total Nacional;04 Balears Illes;Residuos mezclados;2020;406,8
Total Nacional;04 Balears Illes;Residuos mezclados;2019;559,1
Total Nacional;04 Balears Illes;Residuos mezclados;2018;627,3
Total Nacional;04 Balears Illes;Residuos mezclados;2017;592,5
Total Nacional;04 Balears Illes;Residuos mezclados;2016;611,2
Total Nacional;04 Balears Illes;Residuos mezclados;2015;678,7
Total Nacional;04 Balears Illes;Residuos mezclados;2014;547,7
Total Nacional;04 Balears Illes;Residuos mezclados;2013;545,7
Total Nacional;04 Balears Illes;Residuos mezclados;2012;597,5
Total Nacional;04 Balears Illes;Residuos mezclados;2011;675
Total Nacional;04 Balears Illes;Residuos mezclados;2010;640,8
Total Nacional;04 Balears Illes;Residuos de papel y cartón;2021;39,1
Total Nacional;04 Balears Illes;Residuos de papel y cartón;2020;30,2
Total Nacional;04 Balears Illes;Residuos de papel y cartón;2019;40,9
Total Nacional;04 Balears Illes;Residuos de papel y cartón;2018;46,2
Total Nacional;04 Balears Illes;Residuos de papel y cartón;2017;39,4
Total Nacional;04 Balears Illes;Residuos de papel y cartón;2016;38
Total Nacional;04 Balears Illes;Residuos de papel y cartón;2015;35,6
Total Nacional;04 Balears Illes;Residuos de papel y cartón;2014;35,3
Total Nacional;04 Balears Illes;Residuos de papel y cartón;2013;34,4
Total Nacional;04 Balears Illes;Residuos de papel y cartón;2012;35,2
Total Nacional;04 Balears Illes;Residuos de papel y cartón;2011;23
Total Nacional;04 Balears Illes;Residuos de papel y cartón;2010;22,6
Total Nacional;04 Balears Illes;Residuos de vidrio;2021;33,2
Total Nacional;04 Balears Illes;Residuos de vidrio;2020;24,2
Total Nacional;04 Balears Illes;Residuos de vidrio;2019;35,9
Total Nacional;04 Balears Illes;Residuos de vidrio;2018;34,7
Total Nacional;04 Balears Illes;Residuos de vidrio;2017;33,4
Total Nacional;04 Balears Illes;Residuos de vidrio;2016;31,5
Total Nacional;04 Balears Illes;Residuos de vidrio;2015;30,4
Total Nacional;04 Balears Illes;Residuos de vidrio;2014;28,2
Total Nacional;04 Balears Illes;Residuos de vidrio;2013;26,4
Total Nacional;04 Balears Illes;Residuos de vidrio;2012;26,3
Total Nacional;04 Balears Illes;Residuos de vidrio;2011;20,4
Total Nacional;04 Balears Illes;Residuos de vidrio;2010;19,4
Total Nacional;04 Balears Illes;Envases mixtos y embalajes mezclados;2021;35
Total Nacional;04 Balears Illes;Envases mixtos y embalajes mezclados;2020;27,6
Total Nacional;04 Balears Illes;Envases mixtos y embalajes mezclados;2019;32,1
Total Nacional;04 Balears Illes;Envases mixtos y embalajes mezclados;2018;29,9
Total Nacional;04 Balears Illes;Envases mixtos y embalajes mezclados;2017;27,6
Total Nacional;04 Balears Illes;Envases mixtos y embalajes mezclados;2016;18,2
Total Nacional;04 Balears Illes;Envases mixtos y embalajes mezclados;2015;17,3
Total Nacional;04 Balears Illes;Envases mixtos y embalajes mezclados;2014;13,1
Total Nacional;04 Balears Illes;Envases mixtos y embalajes mezclados;2013;12,5
Total Nacional;04 Balears Illes;Envases mixtos y embalajes mezclados;2012;21,6
Total Nacional;04 Balears Illes;Envases mixtos y embalajes mezclados;2011;21,6
Total Nacional;04 Balears Illes;Envases mixtos y embalajes mezclados;2010;13,3
Total Nacional;04 Balears Illes;Total;2021;604,9
Total Nacional;04 Balears Illes;Total;2020;551,7
Total Nacional;04 Balears Illes;Total;2019;737,7
Total Nacional;04 Balears Illes;Total;2018;809,3
Total Nacional;04 Balears Illes;Total;2017;750
Total Nacional;04 Balears Illes;Total;2016;740,1
Total Nacional;04 Balears Illes;Total;2015;800,6
Total Nacional;04 Balears Illes;Total;2014;664,1
Total Nacional;04 Balears Illes;Total;2013;727,4
Total Nacional;04 Balears Illes;Total;2012;709,7
Total Nacional;04 Balears Illes;Total;2011;775,1
Total Nacional;04 Balears Illes;Total;2010;741,4
Total Nacional;05 Canarias;Residuos mezclados;2021;451,1
Total Nacional;05 Canarias;Residuos mezclados;2020;394,8
Total Nacional;05 Canarias;Residuos mezclados;2019;482,7
Total Nacional;05 Canarias;Residuos mezclados;2018;527,4
Total Nacional;05 Canarias;Residuos mezclados;2017;529,6
Total Nacional;05 Canarias;Residuos mezclados;2016;511,9
Total Nacional;05 Canarias;Residuos mezclados;2015;538,1
Total Nacional;05 Canarias;Residuos mezclados;2014;532,3
Total Nacional;05 Canarias;Residuos mezclados;2013;508,5
Total Nacional;05 Canarias;Residuos mezclados;2012;555,3
Total Nacional;05 Canarias;Residuos mezclados;2011;569,6
Total Nacional;05 Canarias;Residuos mezclados;2010;609,3
Total Nacional;05 Canarias;Residuos de papel y cartón;2021;9,3
Total Nacional;05 Canarias;Residuos de papel y cartón;2020;41,3
Total Nacional;05 Canarias;Residuos de papel y cartón;2019;21,8
Total Nacional;05 Canarias;Residuos de papel y cartón;2018;18,5
Total Nacional;05 Canarias;Residuos de papel y cartón;2017;14,8
Total Nacional;05 Canarias;Residuos de papel y cartón;2016;15,4
Total Nacional;05 Canarias;Residuos de papel y cartón;2015;14,8
Total Nacional;05 Canarias;Residuos de papel y cartón;2014;14,5
Total Nacional;05 Canarias;Residuos de papel y cartón;2013;14,5
Total Nacional;05 Canarias;Residuos de papel y cartón;2012;16
Total Nacional;05 Canarias;Residuos de papel y cartón;2011;16,4
Total Nacional;05 Canarias;Residuos de papel y cartón;2010;33,6
Total Nacional;05 Canarias;Residuos de vidrio;2021;16,3
Total Nacional;05 Canarias;Residuos de vidrio;2020;15,7
Total Nacional;05 Canarias;Residuos de vidrio;2019;20
Total Nacional;05 Canarias;Residuos de vidrio;2018;18,8
Total Nacional;05 Canarias;Residuos de vidrio;2017;18
Total Nacional;05 Canarias;Residuos de vidrio;2016;16,8
Total Nacional;05 Canarias;Residuos de vidrio;2015;15,6
Total Nacional;05 Canarias;Residuos de vidrio;2014;14,7
Total Nacional;05 Canarias;Residuos de vidrio;2013;13,9
Total Nacional;05 Canarias;Residuos de vidrio;2012;13,9
Total Nacional;05 Canarias;Residuos de vidrio;2011;14
Total Nacional;05 Canarias;Residuos de vidrio;2010;13,3
Total Nacional;05 Canarias;Envases mixtos y embalajes mezclados;2021;13,4
Total Nacional;05 Canarias;Envases mixtos y embalajes mezclados;2020;16
Total Nacional;05 Canarias;Envases mixtos y embalajes mezclados;2019;12,6
Total Nacional;05 Canarias;Envases mixtos y embalajes mezclados;2018;10,4
Total Nacional;05 Canarias;Envases mixtos y embalajes mezclados;2017;9,3
Total Nacional;05 Canarias;Envases mixtos y embalajes mezclados;2016;8,8
Total Nacional;05 Canarias;Envases mixtos y embalajes mezclados;2015;8
Total Nacional;05 Canarias;Envases mixtos y embalajes mezclados;2014;7,7
Total Nacional;05 Canarias;Envases mixtos y embalajes mezclados;2013;7,5
Total Nacional;05 Canarias;Envases mixtos y embalajes mezclados;2012;7,3
Total Nacional;05 Canarias;Envases mixtos y embalajes mezclados;2011;7,1
Total Nacional;05 Canarias;Envases mixtos y embalajes mezclados;2010;9,6
Total Nacional;05 Canarias;Total;2021;548,9
Total Nacional;05 Canarias;Total;2020;503,5
Total Nacional;05 Canarias;Total;2019;577,6
Total Nacional;05 Canarias;Total;2018;608,3
Total Nacional;05 Canarias;Total;2017;598,9
Total Nacional;05 Canarias;Total;2016;581,2
Total Nacional;05 Canarias;Total;2015;594,1
Total Nacional;05 Canarias;Total;2014;594,6
Total Nacional;05 Canarias;Total;2013;571,4
Total Nacional;05 Canarias;Total;2012;626,1
Total Nacional;05 Canarias;Total;2011;669,7
Total Nacional;05 Canarias;Total;2010;701,4
Total Nacional;06 Cantabria;Residuos mezclados;2021;417,9
Total Nacional;06 Cantabria;Residuos mezclados;2020;412,6
Total Nacional;06 Cantabria;Residuos mezclados;2019;476
Total Nacional;06 Cantabria;Residuos mezclados;2018;465
Total Nacional;06 Cantabria;Residuos mezclados;2017;450,4
Total Nacional;06 Cantabria;Residuos mezclados;2016;454,2
Total Nacional;06 Cantabria;Residuos mezclados;2015;446,3
Total Nacional;06 Cantabria;Residuos mezclados;2014;435,7
Total Nacional;06 Cantabria;Residuos mezclados;2013;431
Total Nacional;06 Cantabria;Residuos mezclados;2012;445,2
Total Nacional;06 Cantabria;Residuos mezclados;2011;463,5
Total Nacional;06 Cantabria;Residuos mezclados;2010;454,7
Total Nacional;06 Cantabria;Residuos de papel y cartón;2021;10,3
Total Nacional;06 Cantabria;Residuos de papel y cartón;2020;9,7
Total Nacional;06 Cantabria;Residuos de papel y cartón;2019;9,8
Total Nacional;06 Cantabria;Residuos de papel y cartón;2018;17,9
Total Nacional;06 Cantabria;Residuos de papel y cartón;2017;7
Total Nacional;06 Cantabria;Residuos de papel y cartón;2016;8,7
Total Nacional;06 Cantabria;Residuos de papel y cartón;2015;16,5
Total Nacional;06 Cantabria;Residuos de papel y cartón;2014;16,8
Total Nacional;06 Cantabria;Residuos de papel y cartón;2013;17,6
Total Nacional;06 Cantabria;Residuos de papel y cartón;2012;20,4
Total Nacional;06 Cantabria;Residuos de papel y cartón;2011;22,7
Total Nacional;06 Cantabria;Residuos de papel y cartón;2010;23,4
Total Nacional;06 Cantabria;Residuos de vidrio;2021;19,8
Total Nacional;06 Cantabria;Residuos de vidrio;2020;19,1
Total Nacional;06 Cantabria;Residuos de vidrio;2019;21,4
Total Nacional;06 Cantabria;Residuos de vidrio;2018;19,4
Total Nacional;06 Cantabria;Residuos de vidrio;2017;18,9
Total Nacional;06 Cantabria;Residuos de vidrio;2016;19,3
Total Nacional;06 Cantabria;Residuos de vidrio;2015;18,8
Total Nacional;06 Cantabria;Residuos de vidrio;2014;17,5
Total Nacional;06 Cantabria;Residuos de vidrio;2013;17,6
Total Nacional;06 Cantabria;Residuos de vidrio;2012;17,4
Total Nacional;06 Cantabria;Residuos de vidrio;2011;17,6
Total Nacional;06 Cantabria;Residuos de vidrio;2010;17,9
Total Nacional;06 Cantabria;Envases mixtos y embalajes mezclados;2021;12,7
Total Nacional;06 Cantabria;Envases mixtos y embalajes mezclados;2020;12,9
Total Nacional;06 Cantabria;Envases mixtos y embalajes mezclados;2019;11,7
Total Nacional;06 Cantabria;Envases mixtos y embalajes mezclados;2018;10,8
Total Nacional;06 Cantabria;Envases mixtos y embalajes mezclados;2017;9,9
Total Nacional;06 Cantabria;Envases mixtos y embalajes mezclados;2016;9,5
Total Nacional;06 Cantabria;Envases mixtos y embalajes mezclados;2015;9
Total Nacional;06 Cantabria;Envases mixtos y embalajes mezclados;2014;8,7
Total Nacional;06 Cantabria;Envases mixtos y embalajes mezclados;2013;8,6
Total Nacional;06 Cantabria;Envases mixtos y embalajes mezclados;2012;8,6
Total Nacional;06 Cantabria;Envases mixtos y embalajes mezclados;2011;8,5
Total Nacional;06 Cantabria;Envases mixtos y embalajes mezclados;2010;8,6
Total Nacional;06 Cantabria;Total;2021;517,1
Total Nacional;06 Cantabria;Total;2020;504,5
Total Nacional;06 Cantabria;Total;2019;579,6
Total Nacional;06 Cantabria;Total;2018;566,1
Total Nacional;06 Cantabria;Total;2017;535,1
Total Nacional;06 Cantabria;Total;2016;538,2
Total Nacional;06 Cantabria;Total;2015;532,6
Total Nacional;06 Cantabria;Total;2014;516,1
Total Nacional;06 Cantabria;Total;2013;523,2
Total Nacional;06 Cantabria;Total;2012;542,9
Total Nacional;06 Cantabria;Total;2011;578,1
Total Nacional;06 Cantabria;Total;2010;604,3
Total Nacional;07 Castilla y León;Residuos mezclados;2021;379,4
Total Nacional;07 Castilla y León;Residuos mezclados;2020;372,2
Total Nacional;07 Castilla y León;Residuos mezclados;2019;385,3
Total Nacional;07 Castilla y León;Residuos mezclados;2018;386,9
Total Nacional;07 Castilla y León;Residuos mezclados;2017;382,6
Total Nacional;07 Castilla y León;Residuos mezclados;2016;375,7
Total Nacional;07 Castilla y León;Residuos mezclados;2015;377,9
Total Nacional;07 Castilla y León;Residuos mezclados;2014;374
Total Nacional;07 Castilla y León;Residuos mezclados;2013;340,3
Total Nacional;07 Castilla y León;Residuos mezclados;2012;370,4
Total Nacional;07 Castilla y León;Residuos mezclados;2011;392,4
Total Nacional;07 Castilla y León;Residuos mezclados;2010;362,2
Total Nacional;07 Castilla y León;Residuos de papel y cartón;2021;20,2
Total Nacional;07 Castilla y León;Residuos de papel y cartón;2020;20,2
Total Nacional;07 Castilla y León;Residuos de papel y cartón;2019;20,1
Total Nacional;07 Castilla y León;Residuos de papel y cartón;2018;18,1
Total Nacional;07 Castilla y León;Residuos de papel y cartón;2017;18,6
Total Nacional;07 Castilla y León;Residuos de papel y cartón;2016;18,3
Total Nacional;07 Castilla y León;Residuos de papel y cartón;2015;17,6
Total Nacional;07 Castilla y León;Residuos de papel y cartón;2014;17,5
Total Nacional;07 Castilla y León;Residuos de papel y cartón;2013;18
Total Nacional;07 Castilla y León;Residuos de papel y cartón;2012;19,5
Total Nacional;07 Castilla y León;Residuos de papel y cartón;2011;21,9
Total Nacional;07 Castilla y León;Residuos de papel y cartón;2010;22,3
Total Nacional;07 Castilla y León;Residuos de vidrio;2021;20,9
Total Nacional;07 Castilla y León;Residuos de vidrio;2020;19,6
Total Nacional;07 Castilla y León;Residuos de vidrio;2019;21,2
Total Nacional;07 Castilla y León;Residuos de vidrio;2018;20,6
Total Nacional;07 Castilla y León;Residuos de vidrio;2017;20
Total Nacional;07 Castilla y León;Residuos de vidrio;2016;18,1
Total Nacional;07 Castilla y León;Residuos de vidrio;2015;16,6
Total Nacional;07 Castilla y León;Residuos de vidrio;2014;16,4
Total Nacional;07 Castilla y León;Residuos de vidrio;2013;16,1
Total Nacional;07 Castilla y León;Residuos de vidrio;2012;16,1
Total Nacional;07 Castilla y León;Residuos de vidrio;2011;16,4
Total Nacional;07 Castilla y León;Residuos de vidrio;2010;16,8
Total Nacional;07 Castilla y León;Envases mixtos y embalajes mezclados;2021;13,6
Total Nacional;07 Castilla y León;Envases mixtos y embalajes mezclados;2020;13,3
Total Nacional;07 Castilla y León;Envases mixtos y embalajes mezclados;2019;12
Total Nacional;07 Castilla y León;Envases mixtos y embalajes mezclados;2018;10,9
Total Nacional;07 Castilla y León;Envases mixtos y embalajes mezclados;2017;9,8
Total Nacional;07 Castilla y León;Envases mixtos y embalajes mezclados;2016;9,2
Total Nacional;07 Castilla y León;Envases mixtos y embalajes mezclados;2015;8,5
Total Nacional;07 Castilla y León;Envases mixtos y embalajes mezclados;2014;8,4
Total Nacional;07 Castilla y León;Envases mixtos y embalajes mezclados;2013;7,2
Total Nacional;07 Castilla y León;Envases mixtos y embalajes mezclados;2012;8,3
Total Nacional;07 Castilla y León;Envases mixtos y embalajes mezclados;2011;8,3
Total Nacional;07 Castilla y León;Envases mixtos y embalajes mezclados;2010;7,8
Total Nacional;07 Castilla y León;Total;2021;454,1
Total Nacional;07 Castilla y León;Total;2020;444
Total Nacional;07 Castilla y León;Total;2019;453
Total Nacional;07 Castilla y León;Total;2018;450,4
Total Nacional;07 Castilla y León;Total;2017;443,8
Total Nacional;07 Castilla y León;Total;2016;435,7
Total Nacional;07 Castilla y León;Total;2015;433,2
Total Nacional;07 Castilla y León;Total;2014;428,7
Total Nacional;07 Castilla y León;Total;2013;406,5
Total Nacional;07 Castilla y León;Total;2012;449,2
Total Nacional;07 Castilla y León;Total;2011;491,4
Total Nacional;07 Castilla y León;Total;2010;464,5
Total Nacional;08 Castilla - La Mancha;Residuos mezclados;2021;382,1
Total Nacional;08 Castilla - La Mancha;Residuos mezclados;2020;401,1
Total Nacional;08 Castilla - La Mancha;Residuos mezclados;2019;404,8
Total Nacional;08 Castilla - La Mancha;Residuos mezclados;2018;423,4
Total Nacional;08 Castilla - La Mancha;Residuos mezclados;2017;409,5
Total Nacional;08 Castilla - La Mancha;Residuos mezclados;2016;431,4
Total Nacional;08 Castilla - La Mancha;Residuos mezclados;2015;420,1
Total Nacional;08 Castilla - La Mancha;Residuos mezclados;2014;391,5
Total Nacional;08 Castilla - La Mancha;Residuos mezclados;2013;387,1
Total Nacional;08 Castilla - La Mancha;Residuos mezclados;2012;400,1
Total Nacional;08 Castilla - La Mancha;Residuos mezclados;2011;485,9
Total Nacional;08 Castilla - La Mancha;Residuos mezclados;2010;478,4
Total Nacional;08 Castilla - La Mancha;Residuos de papel y cartón;2021;14,2
Total Nacional;08 Castilla - La Mancha;Residuos de papel y cartón;2020;11,6
Total Nacional;08 Castilla - La Mancha;Residuos de papel y cartón;2019;14,8
Total Nacional;08 Castilla - La Mancha;Residuos de papel y cartón;2018;13,8
Total Nacional;08 Castilla - La Mancha;Residuos de papel y cartón;2017;15,4
Total Nacional;08 Castilla - La Mancha;Residuos de papel y cartón;2016;13,1
Total Nacional;08 Castilla - La Mancha;Residuos de papel y cartón;2015;11,9
Total Nacional;08 Castilla - La Mancha;Residuos de papel y cartón;2014;12,7
Total Nacional;08 Castilla - La Mancha;Residuos de papel y cartón;2013;12,6
Total Nacional;08 Castilla - La Mancha;Residuos de papel y cartón;2012;13,6
Total Nacional;08 Castilla - La Mancha;Residuos de papel y cartón;2011;14,6
Total Nacional;08 Castilla - La Mancha;Residuos de papel y cartón;2010;17,3
Total Nacional;08 Castilla - La Mancha;Residuos de vidrio;2021;11,3
Total Nacional;08 Castilla - La Mancha;Residuos de vidrio;2020;7,7
Total Nacional;08 Castilla - La Mancha;Residuos de vidrio;2019;12,3
Total Nacional;08 Castilla - La Mancha;Residuos de vidrio;2018;10,5
Total Nacional;08 Castilla - La Mancha;Residuos de vidrio;2017;10,5
Total Nacional;08 Castilla - La Mancha;Residuos de vidrio;2016;10,1
Total Nacional;08 Castilla - La Mancha;Residuos de vidrio;2015;10
Total Nacional;08 Castilla - La Mancha;Residuos de vidrio;2014;10
Total Nacional;08 Castilla - La Mancha;Residuos de vidrio;2013;10,1
Total Nacional;08 Castilla - La Mancha;Residuos de vidrio;2012;10
Total Nacional;08 Castilla - La Mancha;Residuos de vidrio;2011;10,1
Total Nacional;08 Castilla - La Mancha;Residuos de vidrio;2010;10
Total Nacional;08 Castilla - La Mancha;Envases mixtos y embalajes mezclados;2021;14,1
Total Nacional;08 Castilla - La Mancha;Envases mixtos y embalajes mezclados;2020;14,1
Total Nacional;08 Castilla - La Mancha;Envases mixtos y embalajes mezclados;2019;12,2
Total Nacional;08 Castilla - La Mancha;Envases mixtos y embalajes mezclados;2018;11
Total Nacional;08 Castilla - La Mancha;Envases mixtos y embalajes mezclados;2017;9,7
Total Nacional;08 Castilla - La Mancha;Envases mixtos y embalajes mezclados;2016;9,2
Total Nacional;08 Castilla - La Mancha;Envases mixtos y embalajes mezclados;2015;9
Total Nacional;08 Castilla - La Mancha;Envases mixtos y embalajes mezclados;2014;8,5
Total Nacional;08 Castilla - La Mancha;Envases mixtos y embalajes mezclados;2013;8,5
Total Nacional;08 Castilla - La Mancha;Envases mixtos y embalajes mezclados;2012;8,4
Total Nacional;08 Castilla - La Mancha;Envases mixtos y embalajes mezclados;2011;8,5
Total Nacional;08 Castilla - La Mancha;Envases mixtos y embalajes mezclados;2010;8,3
Total Nacional;08 Castilla - La Mancha;Total;2021;442,2
Total Nacional;08 Castilla - La Mancha;Total;2020;444,4
Total Nacional;08 Castilla - La Mancha;Total;2019;462,1
Total Nacional;08 Castilla - La Mancha;Total;2018;476,4
Total Nacional;08 Castilla - La Mancha;Total;2017;461,4
Total Nacional;08 Castilla - La Mancha;Total;2016;475,2
Total Nacional;08 Castilla - La Mancha;Total;2015;457
Total Nacional;08 Castilla - La Mancha;Total;2014;428,3
Total Nacional;08 Castilla - La Mancha;Total;2013;433,7
Total Nacional;08 Castilla - La Mancha;Total;2012;438,4
Total Nacional;08 Castilla - La Mancha;Total;2011;532
Total Nacional;08 Castilla - La Mancha;Total;2010;540,9
Total Nacional;09 Cataluña;Residuos mezclados;2021;267,6
Total Nacional;09 Cataluña;Residuos mezclados;2020;277,7
Total Nacional;09 Cataluña;Residuos mezclados;2019;307,1
Total Nacional;09 Cataluña;Residuos mezclados;2018;310,5
Total Nacional;09 Cataluña;Residuos mezclados;2017;329,7
Total Nacional;09 Cataluña;Residuos mezclados;2016;329
Total Nacional;09 Cataluña;Residuos mezclados;2015;321,4
Total Nacional;09 Cataluña;Residuos mezclados;2014;338,2
Total Nacional;09 Cataluña;Residuos mezclados;2013;346,9
Total Nacional;09 Cataluña;Residuos mezclados;2012;322,6
Total Nacional;09 Cataluña;Residuos mezclados;2011;350
Total Nacional;09 Cataluña;Residuos mezclados;2010;336,9
Total Nacional;09 Cataluña;Residuos de papel y cartón;2021;53,2
Total Nacional;09 Cataluña;Residuos de papel y cartón;2020;53,7
Total Nacional;09 Cataluña;Residuos de papel y cartón;2019;53,3
Total Nacional;09 Cataluña;Residuos de papel y cartón;2018;29,9
Total Nacional;09 Cataluña;Residuos de papel y cartón;2017;39,7
Total Nacional;09 Cataluña;Residuos de papel y cartón;2016;36,8
Total Nacional;09 Cataluña;Residuos de papel y cartón;2015;40,3
Total Nacional;09 Cataluña;Residuos de papel y cartón;2014;36,7
Total Nacional;09 Cataluña;Residuos de papel y cartón;2013;35,3
Total Nacional;09 Cataluña;Residuos de papel y cartón;2012;42,4
Total Nacional;09 Cataluña;Residuos de papel y cartón;2011;54,4
Total Nacional;09 Cataluña;Residuos de papel y cartón;2010;60,7
Total Nacional;09 Cataluña;Residuos de vidrio;2021;24,5
Total Nacional;09 Cataluña;Residuos de vidrio;2020;23,9
Total Nacional;09 Cataluña;Residuos de vidrio;2019;26,7
Total Nacional;09 Cataluña;Residuos de vidrio;2018;22,4
Total Nacional;09 Cataluña;Residuos de vidrio;2017;24,5
Total Nacional;09 Cataluña;Residuos de vidrio;2016;23
Total Nacional;09 Cataluña;Residuos de vidrio;2015;21,5
Total Nacional;09 Cataluña;Residuos de vidrio;2014;22
Total Nacional;09 Cataluña;Residuos de vidrio;2013;20,8
Total Nacional;09 Cataluña;Residuos de vidrio;2012;22,6
Total Nacional;09 Cataluña;Residuos de vidrio;2011;24,1
Total Nacional;09 Cataluña;Residuos de vidrio;2010;24,9
Total Nacional;09 Cataluña;Envases mixtos y embalajes mezclados;2021;24,7
Total Nacional;09 Cataluña;Envases mixtos y embalajes mezclados;2020;24,1
Total Nacional;09 Cataluña;Envases mixtos y embalajes mezclados;2019;24,3
Total Nacional;09 Cataluña;Envases mixtos y embalajes mezclados;2018;21,1
Total Nacional;09 Cataluña;Envases mixtos y embalajes mezclados;2017;19
Total Nacional;09 Cataluña;Envases mixtos y embalajes mezclados;2016;17,7
Total Nacional;09 Cataluña;Envases mixtos y embalajes mezclados;2015;17,5
Total Nacional;09 Cataluña;Envases mixtos y embalajes mezclados;2014;16,3
Total Nacional;09 Cataluña;Envases mixtos y embalajes mezclados;2013;16,7
Total Nacional;09 Cataluña;Envases mixtos y embalajes mezclados;2012;17,3
Total Nacional;09 Cataluña;Envases mixtos y embalajes mezclados;2011;17
Total Nacional;09 Cataluña;Envases mixtos y embalajes mezclados;2010;16,6
Total Nacional;09 Cataluña;Total;2021;458,9
Total Nacional;09 Cataluña;Total;2020;467,4
Total Nacional;09 Cataluña;Total;2019;499
Total Nacional;09 Cataluña;Total;2018;463,5
Total Nacional;09 Cataluña;Total;2017;501,9
Total Nacional;09 Cataluña;Total;2016;477,2
Total Nacional;09 Cataluña;Total;2015;480,7
Total Nacional;09 Cataluña;Total;2014;491,9
Total Nacional;09 Cataluña;Total;2013;488,1
Total Nacional;09 Cataluña;Total;2012;484,3
Total Nacional;09 Cataluña;Total;2011;523,3
Total Nacional;09 Cataluña;Total;2010;534,8
Total Nacional;10 Comunitat Valenciana;Residuos mezclados;2021;390
Total Nacional;10 Comunitat Valenciana;Residuos mezclados;2020;387,7
Total Nacional;10 Comunitat Valenciana;Residuos mezclados;2019;421,4
Total Nacional;10 Comunitat Valenciana;Residuos mezclados;2018;434,7
Total Nacional;10 Comunitat Valenciana;Residuos mezclados;2017;422,9
Total Nacional;10 Comunitat Valenciana;Residuos mezclados;2016;393,1
Total Nacional;10 Comunitat Valenciana;Residuos mezclados;2015;387,4
Total Nacional;10 Comunitat Valenciana;Residuos mezclados;2014;381,6
Total Nacional;10 Comunitat Valenciana;Residuos mezclados;2013;368
Total Nacional;10 Comunitat Valenciana;Residuos mezclados;2012;371,5
Total Nacional;10 Comunitat Valenciana;Residuos mezclados;2011;379,2
Total Nacional;10 Comunitat Valenciana;Residuos mezclados;2010;386,6
Total Nacional;10 Comunitat Valenciana;Residuos de papel y cartón;2021;60,7
Total Nacional;10 Comunitat Valenciana;Residuos de papel y cartón;2020;15,9
Total Nacional;10 Comunitat Valenciana;Residuos de papel y cartón;2019;15,8
Total Nacional;10 Comunitat Valenciana;Residuos de papel y cartón;2018;14,2
Total Nacional;10 Comunitat Valenciana;Residuos de papel y cartón;2017;12,2
Total Nacional;10 Comunitat Valenciana;Residuos de papel y cartón;2016;12,7
Total Nacional;10 Comunitat Valenciana;Residuos de papel y cartón;2015;11
Total Nacional;10 Comunitat Valenciana;Residuos de papel y cartón;2014;11,7
Total Nacional;10 Comunitat Valenciana;Residuos de papel y cartón;2013;10,9
Total Nacional;10 Comunitat Valenciana;Residuos de papel y cartón;2012;12,1
Total Nacional;10 Comunitat Valenciana;Residuos de papel y cartón;2011;13,3
Total Nacional;10 Comunitat Valenciana;Residuos de papel y cartón;2010;15,1
Total Nacional;10 Comunitat Valenciana;Residuos de vidrio;2021;16,9
Total Nacional;10 Comunitat Valenciana;Residuos de vidrio;2020;16,6
Total Nacional;10 Comunitat Valenciana;Residuos de vidrio;2019;17,9
Total Nacional;10 Comunitat Valenciana;Residuos de vidrio;2018;17,2
Total Nacional;10 Comunitat Valenciana;Residuos de vidrio;2017;16,8
Total Nacional;10 Comunitat Valenciana;Residuos de vidrio;2016;16,7
Total Nacional;10 Comunitat Valenciana;Residuos de vidrio;2015;16,4
Total Nacional;10 Comunitat Valenciana;Residuos de vidrio;2014;16
Total Nacional;10 Comunitat Valenciana;Residuos de vidrio;2013;16,3
Total Nacional;10 Comunitat Valenciana;Residuos de vidrio;2012;15,9
Total Nacional;10 Comunitat Valenciana;Residuos de vidrio;2011;14,9
Total Nacional;10 Comunitat Valenciana;Residuos de vidrio;2010;15,5
Total Nacional;10 Comunitat Valenciana;Envases mixtos y embalajes mezclados;2021;14,5
Total Nacional;10 Comunitat Valenciana;Envases mixtos y embalajes mezclados;2020;14
Total Nacional;10 Comunitat Valenciana;Envases mixtos y embalajes mezclados;2019;12,4
Total Nacional;10 Comunitat Valenciana;Envases mixtos y embalajes mezclados;2018;10,7
Total Nacional;10 Comunitat Valenciana;Envases mixtos y embalajes mezclados;2017;9
Total Nacional;10 Comunitat Valenciana;Envases mixtos y embalajes mezclados;2016;8,8
Total Nacional;10 Comunitat Valenciana;Envases mixtos y embalajes mezclados;2015;8,5
Total Nacional;10 Comunitat Valenciana;Envases mixtos y embalajes mezclados;2014;8,2
Total Nacional;10 Comunitat Valenciana;Envases mixtos y embalajes mezclados;2013;8
Total Nacional;10 Comunitat Valenciana;Envases mixtos y embalajes mezclados;2012;8
Total Nacional;10 Comunitat Valenciana;Envases mixtos y embalajes mezclados;2011;8,4
Total Nacional;10 Comunitat Valenciana;Envases mixtos y embalajes mezclados;2010;8,2
Total Nacional;10 Comunitat Valenciana;Total;2021;528,1
Total Nacional;10 Comunitat Valenciana;Total;2020;475,1
Total Nacional;10 Comunitat Valenciana;Total;2019;499,5
Total Nacional;10 Comunitat Valenciana;Total;2018;514,3
Total Nacional;10 Comunitat Valenciana;Total;2017;493,9
Total Nacional;10 Comunitat Valenciana;Total;2016;448,4
Total Nacional;10 Comunitat Valenciana;Total;2015;443,6
Total Nacional;10 Comunitat Valenciana;Total;2014;437,9
Total Nacional;10 Comunitat Valenciana;Total;2013;431,2
Total Nacional;10 Comunitat Valenciana;Total;2012;429,8
Total Nacional;10 Comunitat Valenciana;Total;2011;444,2
Total Nacional;10 Comunitat Valenciana;Total;2010;462
Total Nacional;11 Extremadura;Residuos mezclados;2021;404,1
Total Nacional;11 Extremadura;Residuos mezclados;2020;403,6
Total Nacional;11 Extremadura;Residuos mezclados;2019;405,9
Total Nacional;11 Extremadura;Residuos mezclados;2018;421
Total Nacional;11 Extremadura;Residuos mezclados;2017;408,7
Total Nacional;11 Extremadura;Residuos mezclados;2016;384,9
Total Nacional;11 Extremadura;Residuos mezclados;2015;376,8
Total Nacional;11 Extremadura;Residuos mezclados;2014;373,6
Total Nacional;11 Extremadura;Residuos mezclados;2013;359,9
Total Nacional;11 Extremadura;Residuos mezclados;2012;394
Total Nacional;11 Extremadura;Residuos mezclados;2011;414,4
Total Nacional;11 Extremadura;Residuos mezclados;2010;461,8
Total Nacional;11 Extremadura;Residuos de papel y cartón;2021;22,9
Total Nacional;11 Extremadura;Residuos de papel y cartón;2020;27,5
Total Nacional;11 Extremadura;Residuos de papel y cartón;2019;29,8
Total Nacional;11 Extremadura;Residuos de papel y cartón;2018;34,2
Total Nacional;11 Extremadura;Residuos de papel y cartón;2017;29,4
Total Nacional;11 Extremadura;Residuos de papel y cartón;2016;32
Total Nacional;11 Extremadura;Residuos de papel y cartón;2015;36,9
Total Nacional;11 Extremadura;Residuos de papel y cartón;2014;35,7
Total Nacional;11 Extremadura;Residuos de papel y cartón;2013;31,4
Total Nacional;11 Extremadura;Residuos de papel y cartón;2012;29,6
Total Nacional;11 Extremadura;Residuos de papel y cartón;2011;14,8
Total Nacional;11 Extremadura;Residuos de papel y cartón;2010;29,8
Total Nacional;11 Extremadura;Residuos de vidrio;2021;8,8
Total Nacional;11 Extremadura;Residuos de vidrio;2020;8,7
Total Nacional;11 Extremadura;Residuos de vidrio;2019;8,9
Total Nacional;11 Extremadura;Residuos de vidrio;2018;7,7
Total Nacional;11 Extremadura;Residuos de vidrio;2017;7,4
Total Nacional;11 Extremadura;Residuos de vidrio;2016;8,8
Total Nacional;11 Extremadura;Residuos de vidrio;2015;7,4
Total Nacional;11 Extremadura;Residuos de vidrio;2014;6,5
Total Nacional;11 Extremadura;Residuos de vidrio;2013;7,9
Total Nacional;11 Extremadura;Residuos de vidrio;2012;6,8
Total Nacional;11 Extremadura;Residuos de vidrio;2011;6,8
Total Nacional;11 Extremadura;Residuos de vidrio;2010;7,8
Total Nacional;11 Extremadura;Envases mixtos y embalajes mezclados;2021;14,2
Total Nacional;11 Extremadura;Envases mixtos y embalajes mezclados;2020;14,5
Total Nacional;11 Extremadura;Envases mixtos y embalajes mezclados;2019;13,1
Total Nacional;11 Extremadura;Envases mixtos y embalajes mezclados;2018;12,3
Total Nacional;11 Extremadura;Envases mixtos y embalajes mezclados;2017;11
Total Nacional;11 Extremadura;Envases mixtos y embalajes mezclados;2016;10,5
Total Nacional;11 Extremadura;Envases mixtos y embalajes mezclados;2015;9,9
Total Nacional;11 Extremadura;Envases mixtos y embalajes mezclados;2014;9,7
Total Nacional;11 Extremadura;Envases mixtos y embalajes mezclados;2013;9,5
Total Nacional;11 Extremadura;Envases mixtos y embalajes mezclados;2012;9,1
Total Nacional;11 Extremadura;Envases mixtos y embalajes mezclados;2011;9,2
Total Nacional;11 Extremadura;Envases mixtos y embalajes mezclados;2010;9,4
Total Nacional;11 Extremadura;Total;2021;451,5
Total Nacional;11 Extremadura;Total;2020;455,4
Total Nacional;11 Extremadura;Total;2019;460,4
Total Nacional;11 Extremadura;Total;2018;476,9
Total Nacional;11 Extremadura;Total;2017;466,4
Total Nacional;11 Extremadura;Total;2016;449,6
Total Nacional;11 Extremadura;Total;2015;457,9
Total Nacional;11 Extremadura;Total;2014;452,6
Total Nacional;11 Extremadura;Total;2013;409,4
Total Nacional;11 Extremadura;Total;2012;442,2
Total Nacional;11 Extremadura;Total;2011;451,3
Total Nacional;11 Extremadura;Total;2010;514,2
Total Nacional;12 Galicia;Residuos mezclados;2021;345,6
Total Nacional;12 Galicia;Residuos mezclados;2020;343,4
Total Nacional;12 Galicia;Residuos mezclados;2019;366,1
Total Nacional;12 Galicia;Residuos mezclados;2018;353,4
Total Nacional;12 Galicia;Residuos mezclados;2017;351,7
Total Nacional;12 Galicia;Residuos mezclados;2016;348,6
Total Nacional;12 Galicia;Residuos mezclados;2015;345,1
Total Nacional;12 Galicia;Residuos mezclados;2014;342,7
Total Nacional;12 Galicia;Residuos mezclados;2013;332,6
Total Nacional;12 Galicia;Residuos mezclados;2012;339,9
Total Nacional;12 Galicia;Residuos mezclados;2011;362,6
Total Nacional;12 Galicia;Residuos mezclados;2010;370
Total Nacional;12 Galicia;Residuos de papel y cartón;2021;14,9
Total Nacional;12 Galicia;Residuos de papel y cartón;2020;15,2
Total Nacional;12 Galicia;Residuos de papel y cartón;2019;15,2
Total Nacional;12 Galicia;Residuos de papel y cartón;2018;13,9
Total Nacional;12 Galicia;Residuos de papel y cartón;2017;12,3
Total Nacional;12 Galicia;Residuos de papel y cartón;2016;12,7
Total Nacional;12 Galicia;Residuos de papel y cartón;2015;12
Total Nacional;12 Galicia;Residuos de papel y cartón;2014;11,6
Total Nacional;12 Galicia;Residuos de papel y cartón;2013;11,5
Total Nacional;12 Galicia;Residuos de papel y cartón;2012;12,5
Total Nacional;12 Galicia;Residuos de papel y cartón;2011;13,8
Total Nacional;12 Galicia;Residuos de papel y cartón;2010;16,8
Total Nacional;12 Galicia;Residuos de vidrio;2021;17,9
Total Nacional;12 Galicia;Residuos de vidrio;2020;17,3
Total Nacional;12 Galicia;Residuos de vidrio;2019;17,9
Total Nacional;12 Galicia;Residuos de vidrio;2018;17
Total Nacional;12 Galicia;Residuos de vidrio;2017;16
Total Nacional;12 Galicia;Residuos de vidrio;2016;15,2
Total Nacional;12 Galicia;Residuos de vidrio;2015;14,6
Total Nacional;12 Galicia;Residuos de vidrio;2014;14,3
Total Nacional;12 Galicia;Residuos de vidrio;2013;13,8
Total Nacional;12 Galicia;Residuos de vidrio;2012;13,2
Total Nacional;12 Galicia;Residuos de vidrio;2011;13,1
Total Nacional;12 Galicia;Residuos de vidrio;2010;14,1
Total Nacional;12 Galicia;Envases mixtos y embalajes mezclados;2021;12,2
Total Nacional;12 Galicia;Envases mixtos y embalajes mezclados;2020;12
Total Nacional;12 Galicia;Envases mixtos y embalajes mezclados;2019;10,6
Total Nacional;12 Galicia;Envases mixtos y embalajes mezclados;2018;9,6
Total Nacional;12 Galicia;Envases mixtos y embalajes mezclados;2017;0
Total Nacional;12 Galicia;Envases mixtos y embalajes mezclados;2016;8,4
Total Nacional;12 Galicia;Envases mixtos y embalajes mezclados;2015;8,1
Total Nacional;12 Galicia;Envases mixtos y embalajes mezclados;2014;8,1
Total Nacional;12 Galicia;Envases mixtos y embalajes mezclados;2013;7,9
Total Nacional;12 Galicia;Envases mixtos y embalajes mezclados;2012;7,8
Total Nacional;12 Galicia;Envases mixtos y embalajes mezclados;2011;8
Total Nacional;12 Galicia;Envases mixtos y embalajes mezclados;2010;8
Total Nacional;12 Galicia;Total;2021;419,6
Total Nacional;12 Galicia;Total;2020;410,4
Total Nacional;12 Galicia;Total;2019;435,5
Total Nacional;12 Galicia;Total;2018;421,7
Total Nacional;12 Galicia;Total;2017;413,9
Total Nacional;12 Galicia;Total;2016;409,4
Total Nacional;12 Galicia;Total;2015;419,4
Total Nacional;12 Galicia;Total;2014;415,9
Total Nacional;12 Galicia;Total;2013;393,3
Total Nacional;12 Galicia;Total;2012;400,5
Total Nacional;12 Galicia;Total;2011;425,2
Total Nacional;12 Galicia;Total;2010;439,4
Total Nacional;13 Madrid Comunidad de;Residuos mezclados;2021;266,8
Total Nacional;13 Madrid Comunidad de;Residuos mezclados;2020;267,6
Total Nacional;13 Madrid Comunidad de;Residuos mezclados;2019;292,2
Total Nacional;13 Madrid Comunidad de;Residuos mezclados;2018;307,3
Total Nacional;13 Madrid Comunidad de;Residuos mezclados;2017;338,8
Total Nacional;13 Madrid Comunidad de;Residuos mezclados;2016;322,3
Total Nacional;13 Madrid Comunidad de;Residuos mezclados;2015;309,2
Total Nacional;13 Madrid Comunidad de;Residuos mezclados;2014;318,3
Total Nacional;13 Madrid Comunidad de;Residuos mezclados;2013;304,8
Total Nacional;13 Madrid Comunidad de;Residuos mezclados;2012;311,2
Total Nacional;13 Madrid Comunidad de;Residuos mezclados;2011;326,6
Total Nacional;13 Madrid Comunidad de;Residuos mezclados;2010;340,8
Total Nacional;13 Madrid Comunidad de;Residuos de papel y cartón;2021;21,6
Total Nacional;13 Madrid Comunidad de;Residuos de papel y cartón;2020;21,3
Total Nacional;13 Madrid Comunidad de;Residuos de papel y cartón;2019;20,9
Total Nacional;13 Madrid Comunidad de;Residuos de papel y cartón;2018;18,4
Total Nacional;13 Madrid Comunidad de;Residuos de papel y cartón;2017;15,3
Total Nacional;13 Madrid Comunidad de;Residuos de papel y cartón;2016;13,7
Total Nacional;13 Madrid Comunidad de;Residuos de papel y cartón;2015;13,5
Total Nacional;13 Madrid Comunidad de;Residuos de papel y cartón;2014;14
Total Nacional;13 Madrid Comunidad de;Residuos de papel y cartón;2013;14,8
Total Nacional;13 Madrid Comunidad de;Residuos de papel y cartón;2012;17,8
Total Nacional;13 Madrid Comunidad de;Residuos de papel y cartón;2011;21,3
Total Nacional;13 Madrid Comunidad de;Residuos de papel y cartón;2010;25,1
Total Nacional;13 Madrid Comunidad de;Residuos de vidrio;2021;18,2
Total Nacional;13 Madrid Comunidad de;Residuos de vidrio;2020;17,1
Total Nacional;13 Madrid Comunidad de;Residuos de vidrio;2019;17,1
Total Nacional;13 Madrid Comunidad de;Residuos de vidrio;2018;15,9
Total Nacional;13 Madrid Comunidad de;Residuos de vidrio;2017;13,7
Total Nacional;13 Madrid Comunidad de;Residuos de vidrio;2016;12,7
Total Nacional;13 Madrid Comunidad de;Residuos de vidrio;2015;12,3
Total Nacional;13 Madrid Comunidad de;Residuos de vidrio;2014;12,2
Total Nacional;13 Madrid Comunidad de;Residuos de vidrio;2013;12,3
Total Nacional;13 Madrid Comunidad de;Residuos de vidrio;2012;12,5
Total Nacional;13 Madrid Comunidad de;Residuos de vidrio;2011;12,9
Total Nacional;13 Madrid Comunidad de;Residuos de vidrio;2010;12,9
Total Nacional;13 Madrid Comunidad de;Envases mixtos y embalajes mezclados;2021;27,5
Total Nacional;13 Madrid Comunidad de;Envases mixtos y embalajes mezclados;2020;27,8
Total Nacional;13 Madrid Comunidad de;Envases mixtos y embalajes mezclados;2019;26
Total Nacional;13 Madrid Comunidad de;Envases mixtos y embalajes mezclados;2018;24,3
Total Nacional;13 Madrid Comunidad de;Envases mixtos y embalajes mezclados;2017;21,6
Total Nacional;13 Madrid Comunidad de;Envases mixtos y embalajes mezclados;2016;19,9
Total Nacional;13 Madrid Comunidad de;Envases mixtos y embalajes mezclados;2015;19,3
Total Nacional;13 Madrid Comunidad de;Envases mixtos y embalajes mezclados;2014;19,2
Total Nacional;13 Madrid Comunidad de;Envases mixtos y embalajes mezclados;2013;19
Total Nacional;13 Madrid Comunidad de;Envases mixtos y embalajes mezclados;2012;20,4
Total Nacional;13 Madrid Comunidad de;Envases mixtos y embalajes mezclados;2011;21,5
Total Nacional;13 Madrid Comunidad de;Envases mixtos y embalajes mezclados;2010;22,1
Total Nacional;13 Madrid Comunidad de;Total;2021;393,5
Total Nacional;13 Madrid Comunidad de;Total;2020;378,4
Total Nacional;13 Madrid Comunidad de;Total;2019;398,4
Total Nacional;13 Madrid Comunidad de;Total;2018;386,1
Total Nacional;13 Madrid Comunidad de;Total;2017;403,3
Total Nacional;13 Madrid Comunidad de;Total;2016;383,5
Total Nacional;13 Madrid Comunidad de;Total;2015;363,8
Total Nacional;13 Madrid Comunidad de;Total;2014;377,1
Total Nacional;13 Madrid Comunidad de;Total;2013;365,9
Total Nacional;13 Madrid Comunidad de;Total;2012;376
Total Nacional;13 Madrid Comunidad de;Total;2011;401,4
Total Nacional;13 Madrid Comunidad de;Total;2010;423,7
Total Nacional;14 Murcia Región de;Residuos mezclados;2021;482,9
Total Nacional;14 Murcia Región de;Residuos mezclados;2020;453,2
Total Nacional;14 Murcia Región de;Residuos mezclados;2019;449,4
Total Nacional;14 Murcia Región de;Residuos mezclados;2018;437,8
Total Nacional;14 Murcia Región de;Residuos mezclados;2017;443,8
Total Nacional;14 Murcia Región de;Residuos mezclados;2016;425
Total Nacional;14 Murcia Región de;Residuos mezclados;2015;410,3
Total Nacional;14 Murcia Región de;Residuos mezclados;2014;415,4
Total Nacional;14 Murcia Región de;Residuos mezclados;2013;417,6
Total Nacional;14 Murcia Región de;Residuos mezclados;2012;398,9
Total Nacional;14 Murcia Región de;Residuos mezclados;2011;396,6
Total Nacional;14 Murcia Región de;Residuos mezclados;2010;499,5
Total Nacional;14 Murcia Región de;Residuos de papel y cartón;2021;22,2
Total Nacional;14 Murcia Región de;Residuos de papel y cartón;2020;17,4
Total Nacional;14 Murcia Región de;Residuos de papel y cartón;2019;15,9
Total Nacional;14 Murcia Región de;Residuos de papel y cartón;2018;14,1
Total Nacional;14 Murcia Región de;Residuos de papel y cartón;2017;12,7
Total Nacional;14 Murcia Región de;Residuos de papel y cartón;2016;12,2
Total Nacional;14 Murcia Región de;Residuos de papel y cartón;2015;9,4
Total Nacional;14 Murcia Región de;Residuos de papel y cartón;2014;8,8
Total Nacional;14 Murcia Región de;Residuos de papel y cartón;2013;5,1
Total Nacional;14 Murcia Región de;Residuos de papel y cartón;2012;5,8
Total Nacional;14 Murcia Región de;Residuos de papel y cartón;2011;12,9
Total Nacional;14 Murcia Región de;Residuos de papel y cartón;2010;15,5
Total Nacional;14 Murcia Región de;Residuos de vidrio;2021;17,4
Total Nacional;14 Murcia Región de;Residuos de vidrio;2020;17,2
Total Nacional;14 Murcia Región de;Residuos de vidrio;2019;17,9
Total Nacional;14 Murcia Región de;Residuos de vidrio;2018;17,8
Total Nacional;14 Murcia Región de;Residuos de vidrio;2017;16,8
Total Nacional;14 Murcia Región de;Residuos de vidrio;2016;16,7
Total Nacional;14 Murcia Región de;Residuos de vidrio;2015;16
Total Nacional;14 Murcia Región de;Residuos de vidrio;2014;15
Total Nacional;14 Murcia Región de;Residuos de vidrio;2013;15,1
Total Nacional;14 Murcia Región de;Residuos de vidrio;2012;15,5
Total Nacional;14 Murcia Región de;Residuos de vidrio;2011;12,8
Total Nacional;14 Murcia Región de;Residuos de vidrio;2010;50,8
Total Nacional;14 Murcia Región de;Envases mixtos y embalajes mezclados;2021;13,9
Total Nacional;14 Murcia Región de;Envases mixtos y embalajes mezclados;2020;15,5
Total Nacional;14 Murcia Región de;Envases mixtos y embalajes mezclados;2019;13,8
Total Nacional;14 Murcia Región de;Envases mixtos y embalajes mezclados;2018;12,3
Total Nacional;14 Murcia Región de;Envases mixtos y embalajes mezclados;2017;11
Total Nacional;14 Murcia Región de;Envases mixtos y embalajes mezclados;2016;10,1
Total Nacional;14 Murcia Región de;Envases mixtos y embalajes mezclados;2015;9,2
Total Nacional;14 Murcia Región de;Envases mixtos y embalajes mezclados;2014;8,7
Total Nacional;14 Murcia Región de;Envases mixtos y embalajes mezclados;2013;8,5
Total Nacional;14 Murcia Región de;Envases mixtos y embalajes mezclados;2012;10,7
Total Nacional;14 Murcia Región de;Envases mixtos y embalajes mezclados;2011;9,2
Total Nacional;14 Murcia Región de;Envases mixtos y embalajes mezclados;2010;9,1
Total Nacional;14 Murcia Región de;Total;2021;549,2
Total Nacional;14 Murcia Región de;Total;2020;506,7
Total Nacional;14 Murcia Región de;Total;2019;510,4
Total Nacional;14 Murcia Región de;Total;2018;493,5
Total Nacional;14 Murcia Región de;Total;2017;492
Total Nacional;14 Murcia Región de;Total;2016;472,2
Total Nacional;14 Murcia Región de;Total;2015;464,5
Total Nacional;14 Murcia Región de;Total;2014;462,7
Total Nacional;14 Murcia Región de;Total;2013;453,9
Total Nacional;14 Murcia Región de;Total;2012;439,7
Total Nacional;14 Murcia Región de;Total;2011;442,4
Total Nacional;14 Murcia Región de;Total;2010;623,1
Total Nacional;15 Navarra Comunidad Foral de;Residuos mezclados;2021;248,2
Total Nacional;15 Navarra Comunidad Foral de;Residuos mezclados;2020;232,6
Total Nacional;15 Navarra Comunidad Foral de;Residuos mezclados;2019;271,5
Total Nacional;15 Navarra Comunidad Foral de;Residuos mezclados;2018;268,4
Total Nacional;15 Navarra Comunidad Foral de;Residuos mezclados;2017;269,5
Total Nacional;15 Navarra Comunidad Foral de;Residuos mezclados;2016;259,1
Total Nacional;15 Navarra Comunidad Foral de;Residuos mezclados;2015;254
Total Nacional;15 Navarra Comunidad Foral de;Residuos mezclados;2014;259,2
Total Nacional;15 Navarra Comunidad Foral de;Residuos mezclados;2013;282,2
Total Nacional;15 Navarra Comunidad Foral de;Residuos mezclados;2012;288
Total Nacional;15 Navarra Comunidad Foral de;Residuos mezclados;2011;297,3
Total Nacional;15 Navarra Comunidad Foral de;Residuos mezclados;2010;309,2
Total Nacional;15 Navarra Comunidad Foral de;Residuos de papel y cartón;2021;42,2
Total Nacional;15 Navarra Comunidad Foral de;Residuos de papel y cartón;2020;41,2
Total Nacional;15 Navarra Comunidad Foral de;Residuos de papel y cartón;2019;40,3
Total Nacional;15 Navarra Comunidad Foral de;Residuos de papel y cartón;2018;43,2
Total Nacional;15 Navarra Comunidad Foral de;Residuos de papel y cartón;2017;40,9
Total Nacional;15 Navarra Comunidad Foral de;Residuos de papel y cartón;2016;41,8
Total Nacional;15 Navarra Comunidad Foral de;Residuos de papel y cartón;2015;23,1
Total Nacional;15 Navarra Comunidad Foral de;Residuos de papel y cartón;2014;36,1
Total Nacional;15 Navarra Comunidad Foral de;Residuos de papel y cartón;2013;38,3
Total Nacional;15 Navarra Comunidad Foral de;Residuos de papel y cartón;2012;38,2
Total Nacional;15 Navarra Comunidad Foral de;Residuos de papel y cartón;2011;40,6
Total Nacional;15 Navarra Comunidad Foral de;Residuos de papel y cartón;2010;47,4
Total Nacional;15 Navarra Comunidad Foral de;Residuos de vidrio;2021;26,5
Total Nacional;15 Navarra Comunidad Foral de;Residuos de vidrio;2020;24,7
Total Nacional;15 Navarra Comunidad Foral de;Residuos de vidrio;2019;26,7
Total Nacional;15 Navarra Comunidad Foral de;Residuos de vidrio;2018;26
Total Nacional;15 Navarra Comunidad Foral de;Residuos de vidrio;2017;25,2
Total Nacional;15 Navarra Comunidad Foral de;Residuos de vidrio;2016;25
Total Nacional;15 Navarra Comunidad Foral de;Residuos de vidrio;2015;15,2
Total Nacional;15 Navarra Comunidad Foral de;Residuos de vidrio;2014;26,3
Total Nacional;15 Navarra Comunidad Foral de;Residuos de vidrio;2013;24,4
Total Nacional;15 Navarra Comunidad Foral de;Residuos de vidrio;2012;24,5
Total Nacional;15 Navarra Comunidad Foral de;Residuos de vidrio;2011;25,4
Total Nacional;15 Navarra Comunidad Foral de;Residuos de vidrio;2010;25,5
Total Nacional;15 Navarra Comunidad Foral de;Envases mixtos y embalajes mezclados;2021;24,4
Total Nacional;15 Navarra Comunidad Foral de;Envases mixtos y embalajes mezclados;2020;37,1
Total Nacional;15 Navarra Comunidad Foral de;Envases mixtos y embalajes mezclados;2019;32,7
Total Nacional;15 Navarra Comunidad Foral de;Envases mixtos y embalajes mezclados;2018;34,6
Total Nacional;15 Navarra Comunidad Foral de;Envases mixtos y embalajes mezclados;2017;33,1
Total Nacional;15 Navarra Comunidad Foral de;Envases mixtos y embalajes mezclados;2016;32,2
Total Nacional;15 Navarra Comunidad Foral de;Envases mixtos y embalajes mezclados;2015;18,5
Total Nacional;15 Navarra Comunidad Foral de;Envases mixtos y embalajes mezclados;2014;31,9
Total Nacional;15 Navarra Comunidad Foral de;Envases mixtos y embalajes mezclados;2013;29
Total Nacional;15 Navarra Comunidad Foral de;Envases mixtos y embalajes mezclados;2012;28
Total Nacional;15 Navarra Comunidad Foral de;Envases mixtos y embalajes mezclados;2011;35,1
Total Nacional;15 Navarra Comunidad Foral de;Envases mixtos y embalajes mezclados;2010;31,7
Total Nacional;15 Navarra Comunidad Foral de;Total;2021;422,5
Total Nacional;15 Navarra Comunidad Foral de;Total;2020;416,5
Total Nacional;15 Navarra Comunidad Foral de;Total;2019;451,2
Total Nacional;15 Navarra Comunidad Foral de;Total;2018;455
Total Nacional;15 Navarra Comunidad Foral de;Total;2017;442,9
Total Nacional;15 Navarra Comunidad Foral de;Total;2016;453,9
Total Nacional;15 Navarra Comunidad Foral de;Total;2015;465,6
Total Nacional;15 Navarra Comunidad Foral de;Total;2014;435,2
Total Nacional;15 Navarra Comunidad Foral de;Total;2013;437,2
Total Nacional;15 Navarra Comunidad Foral de;Total;2012;453,2
Total Nacional;15 Navarra Comunidad Foral de;Total;2011;488,4
Total Nacional;15 Navarra Comunidad Foral de;Total;2010;499,5
Total Nacional;16 País Vasco;Residuos mezclados;2021;246,9
Total Nacional;16 País Vasco;Residuos mezclados;2020;194,4
Total Nacional;16 País Vasco;Residuos mezclados;2019;231,5
Total Nacional;16 País Vasco;Residuos mezclados;2018;292
Total Nacional;16 País Vasco;Residuos mezclados;2017;165,4
Total Nacional;16 País Vasco;Residuos mezclados;2016;309,8
Total Nacional;16 País Vasco;Residuos mezclados;2015;308,9
Total Nacional;16 País Vasco;Residuos mezclados;2014;263,9
Total Nacional;16 País Vasco;Residuos mezclados;2013;369,2
Total Nacional;16 País Vasco;Residuos mezclados;2012;357,8
Total Nacional;16 País Vasco;Residuos mezclados;2011;316,8
Total Nacional;16 País Vasco;Residuos mezclados;2010;329,3
Total Nacional;16 País Vasco;Residuos de papel y cartón;2021;63,2
Total Nacional;16 País Vasco;Residuos de papel y cartón;2020;67,2
Total Nacional;16 País Vasco;Residuos de papel y cartón;2019;70,4
Total Nacional;16 País Vasco;Residuos de papel y cartón;2018;68
Total Nacional;16 País Vasco;Residuos de papel y cartón;2017;64,3
Total Nacional;16 País Vasco;Residuos de papel y cartón;2016;59,4
Total Nacional;16 País Vasco;Residuos de papel y cartón;2015;54,5
Total Nacional;16 País Vasco;Residuos de papel y cartón;2014;56,4
Total Nacional;16 País Vasco;Residuos de papel y cartón;2013;60,2
Total Nacional;16 País Vasco;Residuos de papel y cartón;2012;57
Total Nacional;16 País Vasco;Residuos de papel y cartón;2011;75,6
Total Nacional;16 País Vasco;Residuos de papel y cartón;2010;77,7
Total Nacional;16 País Vasco;Residuos de vidrio;2021;28,3
Total Nacional;16 País Vasco;Residuos de vidrio;2020;26,7
Total Nacional;16 País Vasco;Residuos de vidrio;2019;29,1
Total Nacional;16 País Vasco;Residuos de vidrio;2018;28,4
Total Nacional;16 País Vasco;Residuos de vidrio;2017;27,6
Total Nacional;16 País Vasco;Residuos de vidrio;2016;27,3
Total Nacional;16 País Vasco;Residuos de vidrio;2015;27,3
Total Nacional;16 País Vasco;Residuos de vidrio;2014;25,9
Total Nacional;16 País Vasco;Residuos de vidrio;2013;25,1
Total Nacional;16 País Vasco;Residuos de vidrio;2012;24,8
Total Nacional;16 País Vasco;Residuos de vidrio;2011;24,8
Total Nacional;16 País Vasco;Residuos de vidrio;2010;24,8
Total Nacional;16 País Vasco;Envases mixtos y embalajes mezclados;2021;24,3
Total Nacional;16 País Vasco;Envases mixtos y embalajes mezclados;2020;24,4
Total Nacional;16 País Vasco;Envases mixtos y embalajes mezclados;2019;22,9
Total Nacional;16 País Vasco;Envases mixtos y embalajes mezclados;2018;21,9
Total Nacional;16 País Vasco;Envases mixtos y embalajes mezclados;2017;20
Total Nacional;16 País Vasco;Envases mixtos y embalajes mezclados;2016;18,3
Total Nacional;16 País Vasco;Envases mixtos y embalajes mezclados;2015;17,7
Total Nacional;16 País Vasco;Envases mixtos y embalajes mezclados;2014;16,6
Total Nacional;16 País Vasco;Envases mixtos y embalajes mezclados;2013;15,6
Total Nacional;16 País Vasco;Envases mixtos y embalajes mezclados;2012;14,7
Total Nacional;16 País Vasco;Envases mixtos y embalajes mezclados;2011;14,1
Total Nacional;16 País Vasco;Envases mixtos y embalajes mezclados;2010;14,2
Total Nacional;16 País Vasco;Total;2021;422,2
Total Nacional;16 País Vasco;Total;2020;354,6
Total Nacional;16 País Vasco;Total;2019;396,9
Total Nacional;16 País Vasco;Total;2018;468,6
Total Nacional;16 País Vasco;Total;2017;428,8
Total Nacional;16 País Vasco;Total;2016;456
Total Nacional;16 País Vasco;Total;2015;437,4
Total Nacional;16 País Vasco;Total;2014;391
Total Nacional;16 País Vasco;Total;2013;528,2
Total Nacional;16 País Vasco;Total;2012;504,1
Total Nacional;16 País Vasco;Total;2011;480,2
Total Nacional;16 País Vasco;Total;2010;493,4
Total Nacional;17 Rioja La;Residuos mezclados;2021;319,2
Total Nacional;17 Rioja La;Residuos mezclados;2020;331
Total Nacional;17 Rioja La;Residuos mezclados;2019;347,7
Total Nacional;17 Rioja La;Residuos mezclados;2018;355,4
Total Nacional;17 Rioja La;Residuos mezclados;2017;347,4
Total Nacional;17 Rioja La;Residuos mezclados;2016;344,7
Total Nacional;17 Rioja La;Residuos mezclados;2015;339,1
Total Nacional;17 Rioja La;Residuos mezclados;2014;336
Total Nacional;17 Rioja La;Residuos mezclados;2013;352,6
Total Nacional;17 Rioja La;Residuos mezclados;2012;330,6
Total Nacional;17 Rioja La;Residuos mezclados;2011;344,2
Total Nacional;17 Rioja La;Residuos mezclados;2010;352,3
Total Nacional;17 Rioja La;Residuos de papel y cartón;2021;25,4
Total Nacional;17 Rioja La;Residuos de papel y cartón;2020;25,7
Total Nacional;17 Rioja La;Residuos de papel y cartón;2019;26,8
Total Nacional;17 Rioja La;Residuos de papel y cartón;2018;26,1
Total Nacional;17 Rioja La;Residuos de papel y cartón;2017;25,5
Total Nacional;17 Rioja La;Residuos de papel y cartón;2016;25,6
Total Nacional;17 Rioja La;Residuos de papel y cartón;2015;24,3
Total Nacional;17 Rioja La;Residuos de papel y cartón;2014;23,6
Total Nacional;17 Rioja La;Residuos de papel y cartón;2013;23,8
Total Nacional;17 Rioja La;Residuos de papel y cartón;2012;24,7
Total Nacional;17 Rioja La;Residuos de papel y cartón;2011;26,7
Total Nacional;17 Rioja La;Residuos de papel y cartón;2010;28,7
Total Nacional;17 Rioja La;Residuos de vidrio;2021;26,9
Total Nacional;17 Rioja La;Residuos de vidrio;2020;26,6
Total Nacional;17 Rioja La;Residuos de vidrio;2019;29,1
Total Nacional;17 Rioja La;Residuos de vidrio;2018;28,5
Total Nacional;17 Rioja La;Residuos de vidrio;2017;27,4
Total Nacional;17 Rioja La;Residuos de vidrio;2016;28,1
Total Nacional;17 Rioja La;Residuos de vidrio;2015;24,1
Total Nacional;17 Rioja La;Residuos de vidrio;2014;21,5
Total Nacional;17 Rioja La;Residuos de vidrio;2013;18,7
Total Nacional;17 Rioja La;Residuos de vidrio;2012;18,3
Total Nacional;17 Rioja La;Residuos de vidrio;2011;18,5
Total Nacional;17 Rioja La;Residuos de vidrio;2010;20,3
Total Nacional;17 Rioja La;Envases mixtos y embalajes mezclados;2021;19,7
Total Nacional;17 Rioja La;Envases mixtos y embalajes mezclados;2020;20,3
Total Nacional;17 Rioja La;Envases mixtos y embalajes mezclados;2019;18,7
Total Nacional;17 Rioja La;Envases mixtos y embalajes mezclados;2018;17,6
Total Nacional;17 Rioja La;Envases mixtos y embalajes mezclados;2017;16
Total Nacional;17 Rioja La;Envases mixtos y embalajes mezclados;2016;15,3
Total Nacional;17 Rioja La;Envases mixtos y embalajes mezclados;2015;15
Total Nacional;17 Rioja La;Envases mixtos y embalajes mezclados;2014;14,8
Total Nacional;17 Rioja La;Envases mixtos y embalajes mezclados;2013;14,9
Total Nacional;17 Rioja La;Envases mixtos y embalajes mezclados;2012;14,7
Total Nacional;17 Rioja La;Envases mixtos y embalajes mezclados;2011;14,8
Total Nacional;17 Rioja La;Envases mixtos y embalajes mezclados;2010;14,7
Total Nacional;17 Rioja La;Total;2021;401,4
Total Nacional;17 Rioja La;Total;2020;409,1
Total Nacional;17 Rioja La;Total;2019;425,4
Total Nacional;17 Rioja La;Total;2018;428,9
Total Nacional;17 Rioja La;Total;2017;418,5
Total Nacional;17 Rioja La;Total;2016;441,7
Total Nacional;17 Rioja La;Total;2015;405,7
Total Nacional;17 Rioja La;Total;2014;398,9
Total Nacional;17 Rioja La;Total;2013;410,2
Total Nacional;17 Rioja La;Total;2012;389,3
Total Nacional;17 Rioja La;Total;2011;404,3
Total Nacional;17 Rioja La;Total;2010;420,5
Ceuta y Melilla;;Residuos mezclados;2021;..
Ceuta y Melilla;;Residuos mezclados;2020;..
Ceuta y Melilla;;Residuos mezclados;2019;..
Ceuta y Melilla;;Residuos mezclados;2018;..
Ceuta y Melilla;;Residuos mezclados;2017;..
Ceuta y Melilla;;Residuos mezclados;2016;..
Ceuta y Melilla;;Residuos mezclados;2015;..
Ceuta y Melilla;;Residuos mezclados;2014;..
Ceuta y Melilla;;Residuos mezclados;2013;..
Ceuta y Melilla;;Residuos mezclados;2012;..
Ceuta y Melilla;;Residuos mezclados;2011;..
Ceuta y Melilla;;Residuos mezclados;2010;..
Ceuta y Melilla;;Residuos de papel y cartón;2021;..
Ceuta y Melilla;;Residuos de papel y cartón;2020;..
Ceuta y Melilla;;Residuos de papel y cartón;2019;..
Ceuta y Melilla;;Residuos de papel y cartón;2018;..
Ceuta y Melilla;;Residuos de papel y cartón;2017;..
Ceuta y Melilla;;Residuos de papel y cartón;2016;..
Ceuta y Melilla;;Residuos de papel y cartón;2015;..
Ceuta y Melilla;;Residuos de papel y cartón;2014;..
Ceuta y Melilla;;Residuos de papel y cartón;2013;..
Ceuta y Melilla;;Residuos de papel y cartón;2012;..
Ceuta y Melilla;;Residuos de papel y cartón;2011;..
Ceuta y Melilla;;Residuos de papel y cartón;2010;..
Ceuta y Melilla;;Residuos de vidrio;2021;..
Ceuta y Melilla;;Residuos de vidrio;2020;..
Ceuta y Melilla;;Residuos de vidrio;2019;..
Ceuta y Melilla;;Residuos de vidrio;2018;..
Ceuta y Melilla;;Residuos de vidrio;2017;..
Ceuta y Melilla;;Residuos de vidrio;2016;..
Ceuta y Melilla;;Residuos de vidrio;2015;..
Ceuta y Melilla;;Residuos de vidrio;2014;..
Ceuta y Melilla;;Residuos de vidrio;2013;..
Ceuta y Melilla;;Residuos de vidrio;2012;..
Ceuta y Melilla;;Residuos de vidrio;2011;..
Ceuta y Melilla;;Residuos de vidrio;2010;..
Ceuta y Melilla;;Envases mixtos y embalajes mezclados;2021;..
Ceuta y Melilla;;Envases mixtos y embalajes mezclados;2020;..
Ceuta y Melilla;;Envases mixtos y embalajes mezclados;2019;..
Ceuta y Melilla;;Envases mixtos y embalajes mezclados;2018;..
Ceuta y Melilla;;Envases mixtos y embalajes mezclados;2017;..
Ceuta y Melilla;;Envases mixtos y embalajes mezclados;2016;..
Ceuta y Melilla;;Envases mixtos y embalajes mezclados;2015;..
Ceuta y Melilla;;Envases mixtos y embalajes mezclados;2014;..
Ceuta y Melilla;;Envases mixtos y embalajes mezclados;2013;..
Ceuta y Melilla;;Envases mixtos y embalajes mezclados;2012;..
Ceuta y Melilla;;Envases mixtos y embalajes mezclados;2011;..
Ceuta y Melilla;;Envases mixtos y embalajes mezclados;2010;..
Ceuta y Melilla;;Total;2021;..
Ceuta y Melilla;;Total;2020;..
Ceuta y Melilla;;Total;2019;..
Ceuta y Melilla;;Total;2018;..
Ceuta y Melilla;;Total;2017;..
Ceuta y Melilla;;Total;2016;..
Ceuta y Melilla;;Total;2015;..
Ceuta y Melilla;;Total;2014;..
Ceuta y Melilla;;Total;2013;..
Ceuta y Melilla;;Total;2012;..
Ceuta y Melilla;;Total;2011;..
Ceuta y Melilla;;Total;2010;..
